index-ad-views|Crono$ActiveDirectoryGroups
index-ad-views|Crono$ActiveDirectoryGroupsOf
index-ad-views|Crono$ActiveDirectoryMyGroups
index-ad-views|Crono$ActiveDirectoryUsers
index-db-views|Crono$AnsiColumns
index-db-views|Crono$AnsiForeignKeys
index-db-views|Crono$ColumnExtendedProperties
index-db-views|Crono$Columns
index-db-views|Crono$Constraints
index-db-views|Crono$ConstraintsColumns
index-db-views|Crono$DatabaseExtendedProperties
index-db-views|Crono$Databases
index-db-views|Crono$ForeignKeys
index-db-views|Crono$IndexColumns
index-db-views|Crono$Indexes
index-db-views|Crono$ProcedureExtendedProperties
index-db-views|Crono$Procedures
index-db-views|Crono$Routines
index-db-views|Crono$Schemas
index-db-views|Crono$TableExtendedProperties
index-db-views|Crono$Tables
index-db-views|Crono$Parameters
index-metadata-views|Crono$Functions
index-metadata-views|Crono$CronoFunctions
index-metadata-views|Crono$CronoViews
index-metadata-views|Crono$Keywords
index-metadata-views|Crono$SqlFunctions
index-misc-views|Crono$Countries
index-misc-views|Crono$TimeZones
index-misc-views|Crono$SpanishCities
index-misc-views|Crono$SpanishProvinces
index-misc-views|Crono$SpanishRegions
index-time-views|Crono$Dates
index-time-views|Crono$Months
index-time-views|Crono$Weeks
